method,case_type,count,processed_ok,accuracy,precision,recall,f1
llm,insult,700,700,0.36857143,1.00000000,0.36857143,0.53862213
llm,threat,700,700,0.41000000,1.00000000,0.41000000,0.58156028
llm,obscene,700,700,0.30571429,1.00000000,0.30571429,0.46827133
llm,identity_attack,700,700,0.39428571,1.00000000,0.39428571,0.56557377
llm,sexual_explicit,700,700,0.40428571,1.00000000,0.40428571,0.57578840
llm,clean,700,700,0.77285714,0.00000000,0.00000000,0.00000000
