method,case_type,count,processed_ok,accuracy,precision,recall,f1
llm,insult,700,0,0.00000000,0.00000000,0.00000000,0.00000000
llm,threat,700,0,0.00000000,0.00000000,0.00000000,0.00000000
llm,obscene,700,0,0.00000000,0.00000000,0.00000000,0.00000000
llm,identity_attack,700,0,0.00000000,0.00000000,0.00000000,0.00000000
llm,sexual_explicit,700,0,0.00000000,0.00000000,0.00000000,0.00000000
llm,clean,700,0,0.00000000,0.00000000,0.00000000,0.00000000
