method,case_type,count,processed_ok,accuracy,precision,recall,f1
llm,insult,700,700,0.10285714,1.00000000,0.10285714,0.18652850
llm,threat,700,700,0.35571429,1.00000000,0.35571429,0.52476291
llm,obscene,700,700,0.12714286,1.00000000,0.12714286,0.22560203
llm,identity_attack,700,700,0.25000000,1.00000000,0.25000000,0.40000000
llm,sexual_explicit,700,700,0.28285714,1.00000000,0.28285714,0.44097996
llm,clean,700,700,0.95000000,0.00000000,0.00000000,0.00000000
