method,case_type,count,processed_ok,accuracy,precision,recall,f1
llm,insult,700,700,0.01142857,1.00000000,0.01142857,0.02259887
llm,threat,700,700,0.10285714,1.00000000,0.10285714,0.18652850
llm,obscene,700,700,0.00428571,1.00000000,0.00428571,0.00853485
llm,identity_attack,700,700,0.05142857,1.00000000,0.05142857,0.09782609
llm,sexual_explicit,700,700,0.03857143,1.00000000,0.03857143,0.07427785
llm,clean,700,700,0.99285714,0.00000000,0.00000000,0.00000000
