method,case_type,count,processed_ok,accuracy,precision,recall,f1
llm,insult,700,700,0.63714286,1.00000000,0.63714286,0.77835951
llm,threat,700,700,0.75571429,1.00000000,0.75571429,0.86086249
llm,obscene,700,700,0.67428571,1.00000000,0.67428571,0.80546075
llm,identity_attack,700,700,0.74714286,1.00000000,0.74714286,0.85527392
llm,sexual_explicit,700,700,0.73142857,1.00000000,0.73142857,0.84488449
llm,clean,700,700,0.66857143,0.00000000,0.00000000,0.00000000
