method,case_type,count,processed_ok,accuracy,precision,recall,f1
llm,insult,700,700,0.71000000,1.00000000,0.71000000,0.83040936
llm,threat,700,700,0.83857143,1.00000000,0.83857143,0.91219891
llm,obscene,700,700,0.74000000,1.00000000,0.74000000,0.85057471
llm,identity_attack,700,700,0.83285714,1.00000000,0.83285714,0.90880748
llm,sexual_explicit,700,700,0.80857143,1.00000000,0.80857143,0.89415482
llm,clean,700,700,0.53285714,0.00000000,0.00000000,0.00000000
