method,case_type,count,processed_ok,accuracy,precision,recall,f1
llm,insult,2857,1966,0.00000000,0.00000000,0.00000000,0.00000000
llm,threat,2857,1559,0.00064144,1.00000000,0.00064144,0.00128205
llm,obscene,2857,2021,0.00000000,0.00000000,0.00000000,0.00000000
llm,identity_attack,2857,1464,0.00000000,0.00000000,0.00000000,0.00000000
llm,sexual_explicit,2857,1692,0.00000000,0.00000000,0.00000000,0.00000000
llm,clean,2858,2094,1.00000000,0.00000000,0.00000000,0.00000000
