method,case_type,count,processed_ok,accuracy,precision,recall,f1
llm,insult,108,108,0.88888889,1.00000000,0.88888889,0.94117647
llm,threat,91,91,0.97802198,1.00000000,0.97802198,0.98888889
llm,obscene,101,101,0.93069307,1.00000000,0.93069307,0.96410256
llm,identity_attack,104,104,0.92307692,1.00000000,0.92307692,0.96000000
llm,sexual_explicit,112,112,0.96428571,1.00000000,0.96428571,0.98181818
llm,clean,0,0,0.00000000,0.00000000,0.00000000,0.00000000
